response_id,timestamp,satisfaction_score,ease_of_use,value_for_money,likelihood_to_recommend,support_quality,feedback_text
1,2024-01-15 09:23:45,4,3,2,3,4,"The product works well but the pricing tiers are confusing. I had to contact support three times just to understand what I was paying for."
2,2024-01-15 10:45:12,5,5,4,5,5,"Absolutely love it! The onboarding was smooth and intuitive. Wish there were more integrations though."
3,2024-01-15 11:02:33,2,2,1,1,3,"Too expensive for what you get. Competitors offer similar features at half the price. Considering switching."
4,2024-01-15 14:18:27,3,4,3,3,2,"Decent product but support response times are slow. Waited 48 hours for a simple question."
5,2024-01-16 08:55:01,4,3,4,4,4,"Good value overall. The learning curve was steeper than expected but worth it once you get the hang of it."
6,2024-01-16 09:12:44,1,1,1,1,1,"Terrible experience. The app crashed during my demo to stakeholders. Completely unacceptable."
7,2024-01-16 11:33:22,5,4,5,5,5,"Best tool in its category. The recent updates have been fantastic. Keep up the great work!"
8,2024-01-16 13:45:09,3,2,3,2,4,"The mobile app needs serious work. Features that work on desktop don't exist on mobile."
9,2024-01-17 07:22:18,4,4,3,4,3,"Solid product. Would appreciate more customization options for reports and dashboards."
10,2024-01-17 10:08:55,2,3,2,2,2,"Onboarding was confusing. The documentation is outdated and doesn't match the current UI."
11,2024-01-17 14:30:41,5,5,5,5,4,"Exceeded expectations. Implementation was quick and the ROI was visible within weeks."
12,2024-01-18 08:15:33,3,3,2,3,5,"Support team is amazing but the product itself has too many bugs. Fix the basics first."
13,2024-01-18 09:44:27,4,4,4,4,4,"Reliable and consistent. No major complaints but also no wow factor. Does what it says."
14,2024-01-18 11:22:15,2,1,2,2,3,"The interface is cluttered and overwhelming. Took me weeks to figure out basic workflows."
15,2024-01-18 15:55:02,4,5,3,4,4,"Easy to use but feature-limited compared to what was promised in the sales pitch."
16,2024-01-19 08:30:19,5,4,5,5,5,"Game changer for our team. The automation features alone save us 10 hours per week."
17,2024-01-19 10:12:48,3,3,3,3,3,"Average product. Nothing special but gets the job done. Wish pricing was more transparent."
18,2024-01-19 13:28:36,1,2,1,1,2,"Constant downtime. We've had three outages this month. How is this acceptable?"
19,2024-01-20 09:05:22,4,4,4,5,4,"Great product with room for improvement. The roadmap looks promising."
20,2024-01-20 11:45:17,2,2,2,1,4,"Good support but the product doesn't deliver on its promises. Feels half-baked."
21,2024-01-20 14:33:09,5,5,4,5,5,"Exactly what we needed. Integration with our existing tools was seamless."
22,2024-01-21 08:22:41,3,4,2,3,3,"Works fine but overpriced. The team plan pricing doesn't make sense for small teams."
23,2024-01-21 10:55:28,4,3,4,4,4,"Solid choice. Minor UX issues but overall a good experience."
24,2024-01-21 13:18:44,2,2,3,2,2,"Documentation is lacking. Had to figure out most things through trial and error."
25,2024-01-22 07:45:33,5,5,5,5,5,"Perfect fit for our use case. The customer success team went above and beyond."
26,2024-01-22 09:30:15,3,3,3,3,1,"Product is okay but support is unresponsive. Still waiting on a ticket from two weeks ago."
27,2024-01-22 12:08:27,4,4,4,4,4,"Happy customer. Minor bugs occasionally but nothing deal-breaking."
28,2024-01-22 15:42:19,1,1,1,1,2,"Worst purchase decision we made. Complete waste of budget. Do not recommend."
29,2024-01-23 08:15:06,4,3,4,4,5,"Support is excellent. They helped us customize the solution to our exact needs."
30,2024-01-23 10:33:52,5,5,5,5,5,"Outstanding! This tool has transformed how our team operates. Worth every penny."
31,2024-01-23 14:22:38,3,4,2,3,3,"Good tool but the pricing model needs rethinking. Per-seat pricing doesn't scale well."
32,2024-01-24 09:05:14,2,1,2,2,3,"Steep learning curve and poor documentation combo is frustrating. Need better tutorials."
33,2024-01-24 11:48:29,4,4,3,4,4,"Reliable platform. Would recommend to others in our industry."
34,2024-01-24 14:15:43,3,3,4,3,2,"Good value but support SLAs are not being met. Response times are too long."
35,2024-01-25 08:30:21,5,4,5,5,4,"Excellent product. The recent feature additions have addressed most of our concerns."
36,2024-01-25 10:22:17,2,2,1,2,3,"Pricing increased 40% this year with no new features. Feeling nickel-and-dimed."
37,2024-01-25 13:45:33,4,5,4,4,5,"User-friendly and well-designed. Onboarding new team members is a breeze."
38,2024-01-26 07:55:08,3,3,3,3,3,"Middle of the road. Does what it needs to but nothing exceptional."
39,2024-01-26 10:12:44,4,4,4,5,4,"Would recommend. Has improved significantly since we first started using it."
40,2024-01-26 14:38:22,1,2,1,1,1,"Multiple critical bugs in production. Lost data twice. Actively looking for alternatives."
41,2024-01-27 08:45:15,5,5,5,5,5,"Best investment our team has made. The productivity gains are measurable."
42,2024-01-27 11:22:33,3,2,3,3,4,"Interface could be cleaner. Too many clicks to accomplish simple tasks."
43,2024-01-27 14:08:19,4,4,3,4,4,"Good product, fair price. Wish the mobile app had feature parity with desktop."
44,2024-01-28 09:15:27,2,3,2,2,2,"Promised features have been 'coming soon' for over a year now. Losing trust."
45,2024-01-28 11:45:42,4,4,4,4,5,"Solid experience overall. Support team is particularly helpful and knowledgeable."
46,2024-01-28 15:22:08,5,5,4,5,5,"Exceeded our expectations. Will be renewing for another year."
47,2024-01-29 08:05:33,3,3,3,3,3,"Adequate for our needs. Nothing more, nothing less."
48,2024-01-29 10:38:16,2,2,2,1,3,"Too many workarounds required for basic functionality. Needs polish."
49,2024-01-29 13:55:44,4,3,4,4,4,"Generally satisfied. The recent usability improvements are appreciated."
50,2024-01-30 07:45:22,5,5,5,5,5,"Fantastic tool. Our entire team is more efficient because of it."
